{
  "$id": "1",
  "ResolvableImages": {
    "$id": "2",
    "$values": [
      {
        "$id": "3",
        "ReferenceName": "image-test.ikosa",
        "FileName": "image-test.ikosa",
        "IsLoosePackage": true,
        "PackagePath": "/image-test.ikosa"
      }
    ]
  },
  "ResolvableModels": {
    "$id": "4",
    "$values": [
      {
        "$id": "5",
        "ReferenceName": "image-test.ikosa",
        "FileName": "image-test.ikosa",
        "IsLoosePackage": true,
        "PackagePath": "/image-test.ikosa"
      }
    ]
  },
  "ResolvableFragments": {
    "$id": "6",
    "$values": []
  },
  "ResolvableBrushCollections": {
    "$id": "7",
    "$values": []
  },
  "ResolvableBrushes": {
    "$id": "8",
    "$values": []
  },
  "ResolvableIcons": {
    "$id": "9",
    "$values": []
  }
}